"","site","date","plant","cwm","n","variance","depth","sitedate"
"1","2012_AB","1","Asclepias_syriaca",10.0238174604,"160","0.106152987354366",2.218170608,"2012_AB_1"
"2","2012_AB","1","Monarda_fistulosa",8.733286243,"2","0",15.93033333,"2012_AB_1"
"3","2012_AB","1","Rudbeckia_hirta",8.54073402283333,"12","4.59389515904197",1.661596945,"2012_AB_1"
"4","2012_AB","1","Trifolium_repens",8.0412557655,"8","11.2557971676503",1.983493032,"2012_AB_1"
"7","2012_AB","3","Conyza_canadensis",2.296858078,"2","0",1.081162096,"2012_AB_3"
"8","2012_AB","3","Desmodium_paniculatum",6.67832464766667,"6","6.04768871400867",0.615973994,"2012_AB_3"
"9","2012_AB","3","Heliopsis_helianthoides",2.16142632133333,"12","0.105028195302728",4.254387608,"2012_AB_3"
"10","2012_AB","3","Rudbeckia_hirta",2.089078306,"6","0.103613840765693",1.661596945,"2012_AB_3"
"13","2012_AL","1","Brassica_juncea",2.794332176,"2","0",0,"2012_AL_1"
"14","2012_AL","1","Coreopsis_lanceolata",4.55424982416667,"12","8.61182792797841",4.706586323,"2012_AL_1"
"15","2012_AL","1","Leucanthemum_vulgare",6.93292909066667,"6","14.3577181500101",2.485271086,"2012_AL_1"
"16","2012_AL","1","Trifolium_pratense",8.733286243,"2","0",9.813170694,"2012_AL_1"
"17","2012_AL","2","Coreopsis_lanceolata",2.5840354364,"20","0.0494247283161456",4.706586323,"2012_AL_2"
"18","2012_AL","2","Coreopsis_tinctoria",2.5261992315,"8","0.0649927259731283",1.624297875,"2012_AL_2"
"19","2012_AL","2","Gaillardia_pulchella",8.733286243,"2","0",6.023487628,"2012_AL_2"
"20","2012_AL","2","Leucanthemum_vulgare",8.306011073,"2","0",2.485271086,"2012_AL_2"
"21","2012_AL","2","Lysimachia_punctata",1.991522674,"8","0.035789271289522",0,"2012_AL_2"
"22","2012_AL","2","Rudbeckia_hirta",1.9753104514,"10","0.348236267130179",1.661596945,"2012_AL_2"
"23","2012_AL","3","Coreopsis_lanceolata",8.3656201634,"10","10.2328672313372",4.706586323,"2012_AL_3"
"24","2012_AL","3","Coreopsis_tinctoria",9.853144515,"2","0",1.624297875,"2012_AL_3"
"25","2012_AL","3","Eutrochium_maculatum",5.090914714,"2","0",2.249866302,"2012_AL_3"
"26","2012_AL","3","Lythrum_salicaria",9.853144515,"14","0",5.6616083,"2012_AL_3"
"27","2012_AL","3","Monarda_fistulosa",9.853144515,"2","0",15.93033333,"2012_AL_3"
"28","2012_AL","3","Oxalis_stricta",9.853144515,"2","0",0,"2012_AL_3"
"29","2012_AL","3","Rudbeckia_hirta",8.02103893536842,"76","10.422055475476",1.661596945,"2012_AL_3"
"30","2012_AL","3","Solidago_canadensis",9.853144515,"4","0",2.132178368,"2012_AL_3"
"31","2012_AL","3","Trifolium_pratense",9.853144515,"6","0",9.813170694,"2012_AL_3"
"32","2012_AL","3","Vernonia_noveboracensis",4.71217689093939,"66","2.07608085058001",2.935896693,"2012_AL_3"
"33","2012_AL","4","Desmodium_paniculatum",8.96026266466667,"12","10.3908394926207",0.615973994,"2012_AL_4"
"34","2012_AL","4","Lythrum_salicaria",10.4528705154545,"22","1.00479594459257",5.6616083,"2012_AL_4"
"35","2012_AL","4","Rudbeckia_hirta",4.493599704875,"16","11.18996064272",1.661596945,"2012_AL_4"
"36","2012_AL","4","Solidago_canadensis",7.81700473013333,"30","14.674222090824",2.132178368,"2012_AL_4"
"37","2012_AL","4","Trifolium_repens",9.853144515,"2","0",1.983493032,"2012_AL_4"
"38","2012_BW","1","Coreopsis_lanceolata",7.994917379,"6","3.69590328962182",4.706586323,"2012_BW_1"
"39","2012_BW","1","Coreopsis_tinctoria",1.673518762,"4","0",1.624297875,"2012_BW_1"
"40","2012_BW","1","Gaillardia_pulchella",8.65380961233333,"30","4.09993465977768",6.023487628,"2012_BW_1"
"41","2012_BW","1","Rudbeckia_hirta",3.156893584,"18","4.01400778364454",1.661596945,"2012_BW_1"
"42","2012_BW","2","Coreopsis_tinctoria",1.6713205915,"8","1.65666978756692e-05",1.624297875,"2012_BW_2"
"43","2012_BW","2","Gaillardia_pulchella",9.02666558716667,"36","3.83797457444192",6.023487628,"2012_BW_2"
"44","2012_BW","2","Hypericum_perforatum",6.97181407885714,"14","14.0893082528917",0,"2012_BW_2"
"45","2012_BW","2","Rudbeckia_hirta",5.5083684784,"50","10.1366630050185",1.661596945,"2012_BW_2"
"46","2012_BW","2","Trifolium_pratense",7.658040011,"2","0",9.813170694,"2012_BW_2"
"47","2012_BW","3","Coreopsis_lanceolata",2.296858078,"4","0",4.706586323,"2012_BW_3"
"48","2012_BW","3","Gaillardia_pulchella",4.78583613470833,"48","12.8953809370706",6.023487628,"2012_BW_3"
"49","2012_BW","3","Hypericum_perforatum",3.32732176333333,"12","9.2915700188008",0,"2012_BW_3"
"50","2012_BW","3","Rudbeckia_hirta",3.2678602850625,"32","4.30082527782794",1.661596945,"2012_BW_3"
"51","2012_BW","4","Conyza_canadensis",2.0909237176,"10","0.0575689207764517",1.081162096,"2012_BW_4"
"52","2012_BW","4","Coreopsis_lanceolata",2.480560803,"6","0.0809920588138215",4.706586323,"2012_BW_4"
"53","2012_BW","4","Gaillardia_pulchella",8.44571729506977,"86","7.89528415095925",6.023487628,"2012_BW_4"
"54","2012_BW","4","Oenothera_perennis",1.66472608,"2","0",0,"2012_BW_4"
"55","2012_BW","4","Rudbeckia_hirta",2.15218972372727,"22","0.0622740695913963",1.661596945,"2012_BW_4"
"60","2012_DF","3","Chamaecrista_fasciculata",5.88008443414286,"14","13.7488032028539",0,"2012_DF_3"
"61","2012_DF","3","Conyza_canadensis",2.0525815159375,"32","0.219435770649801",1.081162096,"2012_DF_3"
"62","2012_DF","3","Rudbeckia_hirta",2.39806627080952,"42","0.0390480065136794",1.661596945,"2012_DF_3"
"63","2012_DF","4","Chamaecrista_fasciculata",3.5551450745,"8","15.1852190499968",0,"2012_DF_4"
"64","2012_DF","4","Conyza_canadensis",2.10455150571429,"14","0.283990571665025",1.081162096,"2012_DF_4"
"65","2012_DF","4","Rudbeckia_hirta",2.38842218775,"8","0.0287450955233487",1.661596945,"2012_DF_4"
"66","2012_DF","4","Solanum_carolinense",9.853144515,"4","0",0,"2012_DF_4"
"67","2012_MA","1","Asclepias_tuberosa",8.61101873211111,"18","7.22571377931841",1.871388036,"2012_MA_1"
"68","2012_MA","1","Bidens_aristosa",2.794332176,"2","0",2.054173919,"2012_MA_1"
"69","2012_MA","1","Penstemon_digitalis",8.733286243,"2","0",7.287692308,"2012_MA_1"
"70","2012_MA","1","Rudbeckia_hirta",3.52326461173913,"46","6.81319441968228",1.661596945,"2012_MA_1"
"71","2012_MA","1","Trifolium_pratense",9.3525477185,"8","0.438268314329643",9.813170694,"2012_MA_1"
"72","2012_MA","1","Trifolium_repens",6.929031761,"10","15.0489523385608",1.983493032,"2012_MA_1"
"73","2012_MA","2","Achillea_millefolium",1.262374791,"2","0",0.951242993,"2012_MA_2"
"74","2012_MA","2","Coreopsis_tinctoria",2.4512237975,"4","0.0317717004756702",1.624297875,"2012_MA_2"
"75","2012_MA","2","Heliopsis_helianthoides",9.01529222725,"32","5.71007792343767",4.254387608,"2012_MA_2"
"76","2012_MA","2","Monarda_fistulosa",9.84223428165455,"110","1.15361063185944",15.93033333,"2012_MA_2"
"77","2012_MA","2","Plantago_lanceolata",8.733286243,"2","0",1.198793259,"2012_MA_2"
"78","2012_MA","2","Rudbeckia_hirta",4.55584825007143,"56","9.46692908343215",1.661596945,"2012_MA_2"
"79","2012_MA","2","Trifolium_pratense",9.971809194,"8","0",9.813170694,"2012_MA_2"
"80","2012_MA","2","Trifolium_repens",1.952767592,"2","0",1.983493032,"2012_MA_2"
"84","2012_RO","1","Achillea_millefolium",8.733286243,"2","0",0.951242993,"2012_RO_1"
"85","2012_RO","1","Centaurea_cyanus",9.14612722666667,"6","0.409050426707666",14.1425,"2012_RO_1"
"86","2012_RO","1","Cirsium_arvense",2.62594103,"2","0",9.401666667,"2012_RO_1"
"87","2012_RO","1","Coreopsis_lanceolata",5.27024735725714,"70","11.0208707474063",4.706586323,"2012_RO_1"
"88","2012_RO","1","Leucanthemum_vulgare",2.3348725876,"20","0.0136904489064805",2.485271086,"2012_RO_1"
"89","2012_RO","1","Potentilla_reptans",2.574904425,"2","0",0,"2012_RO_1"
"90","2012_RO","1","Trifolium_repens",7.6484817579375,"32","10.2861612065689",1.983493032,"2012_RO_1"
"91","2012_RO","2","Asclepias_syriaca",9.45746661427273,"88","1.72419857646112",2.218170608,"2012_RO_2"
"92","2012_RO","2","Centaurea_cyanus",8.733286243,"2","0",14.1425,"2012_RO_2"
"93","2012_RO","2","Coreopsis_lanceolata",6.7646574292,"10","8.81238374358887",4.706586323,"2012_RO_2"
"94","2012_RO","2","Monarda_fistulosa",9.853144515,"4","0",15.93033333,"2012_RO_2"
"95","2012_RO","2","Plantago_lanceolata",2.212361709,"2","0",1.198793259,"2012_RO_2"
"96","2012_RO","2","Potentilla_recta",2.296858078,"2","0",0,"2012_RO_2"
"97","2012_RO","2","Rudbeckia_hirta",2.794332176,"2","0",1.661596945,"2012_RO_2"
"98","2012_RO","2","Solanum_carolinense",2.212361709,"2","0",0,"2012_RO_2"
"99","2012_RO","2","Trifolium_repens",9.853144515,"10","0",1.983493032,"2012_RO_2"
"100","2012_RO","3","Achillea_millefolium",2.022157213,"2","0",0.951242993,"2012_RO_3"
"101","2012_RO","3","Coreopsis_lanceolata",2.847966253,"2","0",4.706586323,"2012_RO_3"
"102","2012_RO","3","Coreopsis_tinctoria",9.853144515,"2","0",1.624297875,"2012_RO_3"
"103","2012_RO","3","Monarda_fistulosa",9.76971171558333,"24","0.103011432277129",15.93033333,"2012_RO_3"
"104","2012_RO","4","Cirsium_arvense",2.43015172433333,"6","0.104741388218969",9.401666667,"2012_RO_4"
"105","2012_RO","4","Coreopsis_lanceolata",2.14808840866667,"12","0.288384397359857",4.706586323,"2012_RO_4"
"106","2012_RO","4","Desmodium_paniculatum",3.9694404835,"4","1.67693926623409",0.615973994,"2012_RO_4"
"107","2012_RO","4","Monarda_fistulosa",10.9526421825,"4","1.61186016111725",15.93033333,"2012_RO_4"
"108","2012_RO","4","Oxalis_stricta",1.746839834,"2","0",0,"2012_RO_4"
"109","2012_RO","4","Plantago_lanceolata",1.746839834,"2","0",1.198793259,"2012_RO_4"
"110","2013_AB","1","Achillea_millefolium",2.452153309,"1",NA,0.951242993,"2013_AB_1"
"111","2013_AB","1","Rosa_multiflora",8.44195483625,"4","5.33175086711385",0,"2013_AB_1"
"112","2013_AB","1","Trifolium_repens",4.590138369,"1",NA,1.983493032,"2013_AB_1"
"113","2013_AB","2","Monarda_fistulosa",8.94079994534615,"52","0.210326696914309",15.93033333,"2013_AB_2"
"114","2013_AB","2","Rudbeckia_hirta",7.531361954,"2","11.9115654624472",1.661596945,"2013_AB_2"
"115","2013_AB","2","Trifolium_repens",6.8790367352,"5","12.961298378906",1.983493032,"2013_AB_2"
"118","2013_AL","1","Achillea_millefolium",2.452153309,"4","0",0.951242993,"2013_AL_1"
"119","2013_AL","1","Coreopsis_lanceolata",3.21973976964286,"14","3.7079480745006",4.706586323,"2013_AL_1"
"120","2013_AL","1","Erigeron_strigosus",2.31329059416667,"6","0.108225869107141",1.733214567,"2013_AL_1"
"121","2013_AL","1","Leucanthemum_vulgare",2.44577597563636,"11","0.0396108606847522",2.485271086,"2013_AL_1"
"122","2013_AL","1","Trifolium_repens",4.59990199733333,"3","12.8305242078871",1.983493032,"2013_AL_1"
"123","2013_AL","2","Achillea_millefolium",2.452153309,"2","0",0.951242993,"2013_AL_2"
"124","2013_AL","2","Coreopsis_lanceolata",2.677003174,"1",NA,4.706586323,"2013_AL_2"
"125","2013_AL","2","Daucus_carota",0.843481349,"16","0",0,"2013_AL_2"
"126","2013_AL","2","Echinacea_purpurea",2.584090957,"3","0.0522226288793158",4.634850616,"2013_AL_2"
"127","2013_AL","2","Erigeron_strigosus",2.55276772635294,"17","0.0556169644784119",1.733214567,"2013_AL_2"
"128","2013_AL","2","Monarda_fistulosa",9.197732349625,"8","0.41087654468404",15.93033333,"2013_AL_2"
"129","2013_AL","2","Potentilla_norvegica",1.916526624,"1",NA,0,"2013_AL_2"
"130","2013_AL","2","Rudbeckia_hirta",4.14817126844444,"9","10.9065893063247",1.661596945,"2013_AL_2"
"131","2013_AL","2","Verbena_hastata",2.093691835,"1",NA,1.702699726,"2013_AL_2"
"132","2013_AL","2","Vernonia_noveboracensis",4.287854391,"3","1.55495838746483",2.935896693,"2013_AL_2"
"133","2013_AL","3","Coreopsis_lanceolata",2.663114517,"1",NA,4.706586323,"2013_AL_3"
"134","2013_AL","3","Echinacea_purpurea",9.853144515,"1",NA,4.634850616,"2013_AL_3"
"135","2013_AL","3","Eupatorium_perfoliatum",2.557633913,"2","0.0222523156404096",1.284859302,"2013_AL_3"
"136","2013_AL","3","Lythrum_salicaria",9.79834284618182,"11","3.46462164392704",5.6616083,"2013_AL_3"
"137","2013_AL","3","Oxalis_stricta",9.853144515,"1",NA,0,"2013_AL_3"
"138","2013_AL","3","Polygonum_pensylvanicum",2.78016187430769,"13","0.527624742844473",0,"2013_AL_3"
"139","2013_AL","3","Rudbeckia_hirta",2.70779025583333,"12","0.584761554654313",1.661596945,"2013_AL_3"
"140","2013_AL","3","Rudbeckia_laciniata",9.971809194,"1",NA,1.031430002,"2013_AL_3"
"141","2013_AL","3","Solidago_canadensis",7.456467849,"3","17.2321771240466",2.132178368,"2013_AL_3"
"142","2013_AL","3","Verbena_hastata",3.640232632,"9","6.04308713650093",1.702699726,"2013_AL_3"
"143","2013_AL","3","Vernonia_noveboracensis",4.68120853165517,"29","1.18160657414091",2.935896693,"2013_AL_3"
"144","2013_AL","4","Euthamia_graminifolia",9.853144515,"2","0",1.177447063,"2013_AL_4"
"145","2013_AL","4","Solidago_canadensis",9.853144515,"12","0",2.132178368,"2013_AL_4"
"146","2013_AL","4","Symphyotrichum_lanceolatum",8.89679755879167,"24","6.01642032945073",1.865123836,"2013_AL_4"
"147","2013_AL","4","Symphyotrichum_novae-angliae",8.733286243,"1",NA,4.916494364,"2013_AL_4"
"148","2013_AL","4","Symphyotrichum_racemosum",9.853144515,"13","0",2.378198949,"2013_AL_4"
"151","2013_BO","3","Oxalis_stricta",1.8234643645,"2","0.0117426373486909",0,"2013_BO_3"
"152","2013_BO","3","Plantago_lanceolata",1.746839834,"1",NA,1.198793259,"2013_BO_3"
"153","2013_BO","3","Pycnanthemum_tenuifolium",4.95772831942857,"7","12.0949125477046",3.839930784,"2013_BO_3"
"155","2013_BW","1","Coreopsis_lanceolata",8.31651848331945,"72","16.4896037366935",4.706586323,"2013_BW_1"
"156","2013_BW","1","Gaillardia_pulchella",10.3624119532857,"21","0.706060151621092",6.023487628,"2013_BW_1"
"157","2013_BW","1","Oxalis_stricta",1.70296891866667,"3","0.117808907087696",0,"2013_BW_1"
"158","2013_BW","2","Apocynum_cannabinum",12.05213985,"1",NA,2.842842041,"2013_BW_2"
"159","2013_BW","2","Coreopsis_lanceolata",3.47878068689474,"19","2.40986412690179",4.706586323,"2013_BW_2"
"160","2013_BW","2","Coreopsis_tinctoria",2.01406623166667,"3","0.158703420743299",1.624297875,"2013_BW_2"
"161","2013_BW","2","Echinacea_purpurea",8.81397259566667,"15","3.95502298971665",4.634850616,"2013_BW_2"
"162","2013_BW","2","Erigeron_annuus",2.078833816375,"8","0.35431830682299",2.015174534,"2013_BW_2"
"163","2013_BW","2","Gaillardia_pulchella",8.73337010111393,"79","5.4270888574653",6.023487628,"2013_BW_2"
"164","2013_BW","2","Monarda_fistulosa",9.14612722666667,"6","0.409050426707666",15.93033333,"2013_BW_2"
"165","2013_BW","2","Rudbeckia_hirta",2.31560376933333,"3","0.123414544223827",1.661596945,"2013_BW_2"
"166","2013_BW","3","Coreopsis_lanceolata",2.528000078,"8","0.022164379853836",4.706586323,"2013_BW_3"
"167","2013_BW","3","Coreopsis_tinctoria",2.452153309,"1",NA,1.624297875,"2013_BW_3"
"168","2013_BW","3","Daucus_carota",1.390685093,"6","0.0721304571694293",0,"2013_BW_3"
"169","2013_BW","3","Echinacea_purpurea",2.1843399665,"2","0.143447972842044",4.634850616,"2013_BW_3"
"170","2013_BW","3","Gaillardia_pulchella",5.30262914606667,"15","12.3573932418622",6.023487628,"2013_BW_3"
"171","2013_BW","3","Monarda_fistulosa",7.658040011,"1",NA,15.93033333,"2013_BW_3"
"172","2013_BW","3","Rudbeckia_hirta",1.673518762,"1",NA,1.661596945,"2013_BW_3"
"175","2013_DR","1","Potentilla_norvegica",1.900088895,"1",NA,0,"2013_DR_1"
"176","2013_DR","1","Trifolium_pratense",8.733286243,"2","0",9.813170694,"2013_DR_1"
"177","2013_DR","1","Trifolium_repens",3.06662015614286,"7","6.27608892603364",1.983493032,"2013_DR_1"
"178","2013_DR","2","Monarda_fistulosa",8.78636579804286,"70","0.0638347327393175",15.93033333,"2013_DR_2"
"179","2013_DR","2","Potentilla_norvegica",1.900088895,"5","0",0,"2013_DR_2"
"180","2013_DR","2","Rudbeckia_hirta",3.06078785,"8","5.30910161442127",1.661596945,"2013_DR_2"
"181","2013_DR","2","Trifolium_pratense",5.4023669415,"4","14.812940403799",9.813170694,"2013_DR_2"
"182","2013_DR","2","Trifolium_repens",2.242806385,"2","0",1.983493032,"2013_DR_2"
"183","2013_DR","3","Euthamia_graminifolia",1.262374791,"1",NA,1.177447063,"2013_DR_3"
"184","2013_DR","3","Lythrum_salicaria",9.25760506475,"4","8.13462519720603",5.6616083,"2013_DR_3"
"185","2013_DR","3","Monarda_fistulosa",9.89912857290968,"155","0.0453504451907393",15.93033333,"2013_DR_3"
"186","2013_DR","3","Potentilla_norvegica",1.5910261935,"4","0.127359671277971",0,"2013_DR_3"
"187","2013_DR","3","Rudbeckia_hirta",2.452153309,"3","0",1.661596945,"2013_DR_3"
"188","2013_DR","3","Verbena_hastata",9.42593877066667,"6","5.28387693458718",1.702699726,"2013_DR_3"
"189","2013_DR","4","Bidens_aristosa",8.632690117,"3","4.46852681279263",2.054173919,"2013_DR_4"
"190","2013_DR","4","Coreopsis_lanceolata",2.294531477,"3","0.0186639949024394",4.706586323,"2013_DR_4"
"191","2013_DR","4","Euthamia_graminifolia",8.86420903348077,"52","16.7282345180904",1.177447063,"2013_DR_4"
"192","2013_DR","4","Lythrum_salicaria",9.902011078,"90","0.106249958186006",5.6616083,"2013_DR_4"
"193","2013_DR","4","Solidago_canadensis",8.57769048481818,"11","11.9239887013745",2.132178368,"2013_DR_4"
"194","2013_FH","1","Coreopsis_lanceolata",4.88233126666667,"3","19.635700491198",4.706586323,"2013_FH_1"
"195","2013_FH","1","Leucanthemum_vulgare",1.869536317625,"24","0.0918013686668925",2.485271086,"2013_FH_1"
"196","2013_FH","1","Rosa_multiflora",2.11149264,"1",NA,0,"2013_FH_1"
"197","2013_FH","2","Achillea_millefolium",2.17552766275,"24","0.144655855749683",0.951242993,"2013_FH_2"
"198","2013_FH","2","Coreopsis_lanceolata",2.37825600333333,"12","0.0740455598671375",4.706586323,"2013_FH_2"
"199","2013_FH","2","Echinacea_purpurea",5.53113605514286,"7","11.7943833439534",4.634850616,"2013_FH_2"
"200","2013_FH","2","Erigeron_annuus",2.452153309,"1",NA,2.015174534,"2013_FH_2"
"201","2013_FH","2","Erigeron_strigosus",2.028965224,"5","0.149240129404973",1.733214567,"2013_FH_2"
"202","2013_FH","2","Gaillardia_pulchella",2.794332176,"1",NA,6.023487628,"2013_FH_2"
"203","2013_FH","2","Leucanthemum_vulgare",2.452153309,"2","0",2.485271086,"2013_FH_2"
"204","2013_FH","2","Monarda_fistulosa",9.15994378202844,"211","0.438187576510116",15.93033333,"2013_FH_2"
"205","2013_FH","2","Prunella_vulgaris",9.55681210233333,"9","0.357173543443746",3.312163251,"2013_FH_2"
"206","2013_FH","2","Rudbeckia_hirta",2.41547490855882,"34","1.84388787197744",1.661596945,"2013_FH_2"
"207","2013_FH","2","Trifolium_campestre",1.92674607666667,"3","0.0273098548092537",3.099668566,"2013_FH_2"
"208","2013_FH","3","Achillea_millefolium",2.2229081888,"5","0.108778680182556",0.951242993,"2013_FH_3"
"209","2013_FH","3","Coreopsis_lanceolata",2.56621293133333,"3","0.039028792340468",4.706586323,"2013_FH_3"
"210","2013_FH","3","Daucus_carota",1.435842975125,"8","0.370055457042725",0,"2013_FH_3"
"211","2013_FH","3","Echinacea_purpurea",7.4701411796875,"16","11.7176519790909",4.634850616,"2013_FH_3"
"212","2013_FH","3","Gaillardia_pulchella",5.321188705,"2","0.420461000659892",6.023487628,"2013_FH_3"
"213","2013_FH","3","Monarda_fistulosa",9.60286659580582,"103","0.617607971191061",15.93033333,"2013_FH_3"
"214","2013_FH","3","Prunella_vulgaris",9.02539557091667,"12","4.63621150169579",3.312163251,"2013_FH_3"
"215","2013_FH","3","Rudbeckia_hirta",6.7849466815,"4","14.0127131150869",1.661596945,"2013_FH_3"
"216","2013_FH","3","Rudbeckia_laciniata",5.91334254395918,"49","12.2846432869007",1.031430002,"2013_FH_3"
"217","2013_FH","3","Trifolium_campestre",1.8790405085,"6","0.0245788693283284",3.099668566,"2013_FH_3"
"218","2013_FH","3","Trifolium_pratense",9.971809194,"1",NA,9.813170694,"2013_FH_3"
"219","2013_FH","4","Ageratina_altissima",2.452153309,"1",NA,2.71718553,"2013_FH_4"
"220","2013_FH","4","Coreopsis_lanceolata",2.6232427425,"2","0.058543188510702",4.706586323,"2013_FH_4"
"221","2013_FH","4","Daucus_carota",0.911948651,"8","0",0,"2013_FH_4"
"222","2013_FH","4","Echinacea_purpurea",5.779697702,"1",NA,4.634850616,"2013_FH_4"
"223","2013_FH","4","Gaillardia_pulchella",2.452153309,"1",NA,6.023487628,"2013_FH_4"
"224","2013_FH","4","Prunella_vulgaris",2.022157213,"1",NA,3.312163251,"2013_FH_4"
"225","2013_FH","4","Trifolium_pratense",6.93292909066667,"3","17.9471476875126",9.813170694,"2013_FH_4"
"233","2013_MU","1","Coreopsis_lanceolata",2.755540385,"2","0.0170850821511069",4.706586323,"2013_MU_1"
"234","2013_MU","1","Galium_palustre",2.05614013415,"40","0.115257671617619",0,"2013_MU_1"
"235","2013_MU","1","Penstemon_digitalis",9.3970569644,"5","2.20295785293938",7.287692308,"2013_MU_1"
"236","2013_MU","1","Ranunculus_bulbosus",2.663114517,"2","0",0,"2013_MU_1"
"237","2013_MU","1","Rosa_multiflora",2.29075549816667,"6","0.122896964909808",0,"2013_MU_1"
"238","2013_MU","1","Trifolium_repens",2.2075763714,"5","0.0648484381552146",1.983493032,"2013_MU_1"
"239","2013_MU","2","Cirsium_arvense",5.20938366276786,"56","14.1357448965797",9.401666667,"2013_MU_2"
"240","2013_MU","2","Coreopsis_lanceolata",2.78975615609524,"21","2.71683159708437",4.706586323,"2013_MU_2"
"241","2013_MU","2","Gaillardia_pulchella",8.09083629171429,"7","9.56507098092181",6.023487628,"2013_MU_2"
"242","2013_MU","2","Monarda_fistulosa",9.3754945303125,"16","0.833339594252402",15.93033333,"2013_MU_2"
"243","2013_MU","2","Oxalis_stricta",2.022157213,"1",NA,0,"2013_MU_2"
"244","2013_MU","2","Plantago_lanceolata",1.27511124166667,"3","0.0125965241062472",1.198793259,"2013_MU_2"
"245","2013_MU","2","Pycnanthemum_tenuifolium",9.293215379,"2","0.627041274683413",3.839930784,"2013_MU_2"
"246","2013_MU","2","Solanum_carolinense",5.413764416,"12","15.434393266736",0,"2013_MU_2"
"247","2013_MU","3","Cirsium_arvense",2.093691835,"1",NA,9.401666667,"2013_MU_3"
"248","2013_MU","3","Daucus_carota",0.911948651,"1",NA,0,"2013_MU_3"
"249","2013_MU","3","Echinacea_purpurea",9.853144515,"15","0",4.634850616,"2013_MU_3"
"250","2013_MU","3","Gaillardia_pulchella",9.853144515,"4","0",6.023487628,"2013_MU_3"
"251","2013_MU","3","Lythrum_salicaria",10.0628318586429,"14","2.09975068763517",5.6616083,"2013_MU_3"
"252","2013_MU","3","Monarda_fistulosa",9.95632455255556,"45","0.648372197856934",15.93033333,"2013_MU_3"
"253","2013_MU","3","Solanum_carolinense",9.853144515,"1",NA,0,"2013_MU_3"
"254","2013_MU","3","Solidago_gigantea",6.71534690161594,"138","15.0340400376176",2.132178368,"2013_MU_3"
"255","2013_MU","3","Vernonia_noveboracensis",7.4038770628,"5","12.0643734904905",2.935896693,"2013_MU_3"
"256","2013_MU","4","Solidago_canadensis",9.853144515,"1",NA,2.132178368,"2013_MU_4"
"257","2013_MU","4","Symphyotrichum_novae-angliae",2.794332176,"1",NA,4.916494364,"2013_MU_4"
"258","2013_MU","4","Symphyotrichum_racemosum",3.332456919625,"8","6.98393595943569",2.378198949,"2013_MU_4"
"259","2013_PU","1","Cirsium_arvense",3.455671457,"6","7.5146787143327",9.401666667,"2013_PU_1"
"260","2013_PU","1","Erigeron_strigosus",2.47000831745161,"31","1.8866845604317",1.733214567,"2013_PU_1"
"261","2013_PU","1","Plantago_lanceolata",2.794332176,"1",NA,1.198793259,"2013_PU_1"
"262","2013_PU","1","Potentilla_recta",2.39654867252941,"17","0.326296275218049",0,"2013_PU_1"
"263","2013_PU","2","Cirsium_arvense",1.746839834,"1",NA,9.401666667,"2013_PU_2"
"264","2013_PU","2","Daucus_carota",0.843481349,"1",NA,0,"2013_PU_2"
"265","2013_PU","2","Erigeron_strigosus",2.03611188636111,"36","0.343603261391224",1.733214567,"2013_PU_2"
"266","2013_PU","2","Monarda_fistulosa",9.3125541975,"26","1.89388579200767",15.93033333,"2013_PU_2"
"267","2013_PU","2","Potentilla_norvegica",1.7944759125,"2","1.55770873458138",0,"2013_PU_2"
"268","2013_PU","2","Potentilla_recta",3.300223758,"2","2.91143856243615",0,"2013_PU_2"
"269","2013_PU","2","Solidago_canadensis",7.658040011,"1",NA,2.132178368,"2013_PU_2"
"271","2013_PU","3","Daucus_carota",2.452153309,"1",NA,0,"2013_PU_3"
"272","2013_PU","3","Erigeron_strigosus",2.6700588455,"2","9.64473966318287e-05",1.733214567,"2013_PU_3"
"273","2013_PU","3","Eupatorium_perfoliatum",2.3271136412,"5","0.137909958772411",1.284859302,"2013_PU_3"
"274","2013_PU","3","Monarda_fistulosa",6.88505901055556,"27","0.394967681438416",15.93033333,"2013_PU_3"
"275","2013_PU","3","Solidago_canadensis",9.853144515,"1",NA,2.132178368,"2013_PU_3"
"277","2013_RL","1","Cirsium_arvense",9.971809194,"4","0",9.401666667,"2013_RL_1"
"278","2013_RL","1","Erigeron_strigosus",9.971809194,"1",NA,1.733214567,"2013_RL_1"
"279","2013_RL","1","Trifolium_pratense",9.971809194,"2","0",9.813170694,"2013_RL_1"
"280","2013_RL","2","Achillea_millefolium",2.452153309,"1",NA,0.951242993,"2013_RL_2"
"281","2013_RL","2","Asclepias_syriaca",9.971809194,"2","0",2.218170608,"2013_RL_2"
"282","2013_RL","2","Cichorium_intybus",8.571527282,"2","24.2293276970391",2.32250241,"2013_RL_2"
"283","2013_RL","2","Monarda_fistulosa",10.2660456478452,"168","0.933655625403668",15.93033333,"2013_RL_2"
"284","2013_RL","2","Trifolium_pratense",9.971809194,"1",NA,9.813170694,"2013_RL_2"
"285","2013_RL","3","Cichorium_intybus",3.44580006633333,"3","2.05907324723092",2.32250241,"2013_RL_3"
"286","2013_RL","3","Daucus_carota",0.911948651,"4","0",0,"2013_RL_3"
"287","2013_RL","3","Echinacea_purpurea",3.856155167,"2","2.25493612843237",4.634850616,"2013_RL_3"
"288","2013_RL","3","Monarda_fistulosa",10.0467126076973,"337","0.454266183501221",15.93033333,"2013_RL_3"
"289","2013_RL","3","Oxalis_stricta",3.5038250772,"10","7.69627150663446",0,"2013_RL_3"
"290","2013_RL","3","Symphyotrichum_novae-angliae",2.794332176,"1",NA,4.916494364,"2013_RL_3"
"291","2013_RL","3","Trifolium_pratense",9.88281068475,"4","0.00352032651054327",9.813170694,"2013_RL_3"
"292","2013_RL","4","Cichorium_intybus",2.794332176,"1",NA,2.32250241,"2013_RL_4"
"293","2013_RL","4","Cirsium_arvense",9.853144515,"1",NA,9.401666667,"2013_RL_4"
"294","2013_RL","4","Euthamia_graminifolia",9.853144515,"1",NA,1.177447063,"2013_RL_4"
"295","2013_RL","4","Oxalis_stricta",2.022157213,"5","0",0,"2013_RL_4"
"296","2013_RL","4","Solidago_canadensis",8.3729462738,"5","10.9549341662579",2.132178368,"2013_RL_4"
"297","2013_RL","4","Symphyotrichum_novae-angliae",4.54312305372727,"11","11.6728473323104",4.916494364,"2013_RL_4"
"298","2013_RL","4","Symphyotrichum_racemosum",3.1167771368,"5","1.24715258604069",2.378198949,"2013_RL_4"
"301","2013_RO","2","Achillea_millefolium",1.86175399625,"4","0.169518902732157",0.951242993,"2013_RO_2"
"302","2013_RO","2","Asclepias_syriaca",9.971809194,"2","0",2.218170608,"2013_RO_2"
"303","2013_RO","2","Centaurea_cyanus",8.733286243,"2","0",14.1425,"2013_RO_2"
"304","2013_RO","2","Cirsium_arvense",2.481705411,"1",NA,9.401666667,"2013_RO_2"
"305","2013_RO","2","Coreopsis_lanceolata",6.46531568822222,"9","6.09429622402634",4.706586323,"2013_RO_2"
"306","2013_RO","2","Plantago_lanceolata",8.733286243,"1",NA,1.198793259,"2013_RO_2"
"307","2013_RO","3","Coreopsis_lanceolata",2.452153309,"3","0",4.706586323,"2013_RO_3"
"308","2013_RO","3","Daucus_carota",1.8927961935625,"16","1.55412048767057",0,"2013_RO_3"
"309","2013_RO","3","Monarda_fistulosa",9.84122867991667,"48","0.939763576584121",15.93033333,"2013_RO_3"
"310","2013_RO","3","Rudbeckia_laciniata",2.452153309,"4","0",1.031430002,"2013_RO_3"
"311","2013_RO","4","Coreopsis_lanceolata",4.97285285925,"4","12.1836848997327",4.706586323,"2013_RO_4"
"312","2013_RO","4","Daucus_carota",2.45957724866667,"9","8.03247204337877",0,"2013_RO_4"
"313","2013_RO","4","Monarda_fistulosa",10.4325595185,"4","1.16892493475677",15.93033333,"2013_RO_4"
"314","2013_RO","4","Prunella_vulgaris",9.853144515,"1",NA,3.312163251,"2013_RO_4"
"315","2013_RO","4","Rudbeckia_hirta",2.452153309,"1",NA,1.661596945,"2013_RO_4"
"316","2013_RO","4","Solidago_canadensis",3.18051766071429,"7","8.72458951017559",2.132178368,"2013_RO_4"
"317","2013_SH","1","Achillea_millefolium",2.677003174,"1",NA,0.951242993,"2013_SH_1"
"318","2013_SH","1","Cirsium_arvense",1.7602422615,"2","1.68090114137567",9.401666667,"2013_SH_1"
"319","2013_SH","1","Oxalis_stricta",2.02168422073333,"15","0.451463236745974",0,"2013_SH_1"
"320","2013_SH","1","Phytolacca_americana",2.677003174,"1",NA,0,"2013_SH_1"
"321","2013_SH","1","Plantago_lanceolata",2.05210683075,"4","0.304697370448274",1.198793259,"2013_SH_1"
"322","2013_SH","1","Trifolium_repens",5.7024445735,"10","13.2597177575182",1.983493032,"2013_SH_1"
"323","2013_SH","2","Achillea_millefolium",2.452153309,"1",NA,0.951242993,"2013_SH_2"
"324","2013_SH","2","Apocynum_cannabinum",4.574474983,"1",NA,2.842842041,"2013_SH_2"
"325","2013_SH","2","Daucus_carota",5.4076452715,"2","41.6631846229012",0,"2013_SH_2"
"326","2013_SH","2","Erigeron_strigosus",2.452153309,"15","0",1.733214567,"2013_SH_2"
"327","2013_SH","2","Monarda_fistulosa",9.62725757815942,"69","0.645163274275839",15.93033333,"2013_SH_2"
"328","2013_SH","2","Oxalis_stricta",2.677003174,"3","0",0,"2013_SH_2"
"329","2013_SH","2","Phytolacca_americana",2.2022457105,"8","0.406444969639106",0,"2013_SH_2"
"330","2013_SH","3","Achillea_millefolium",2.022157213,"1",NA,0.951242993,"2013_SH_3"
"331","2013_SH","3","Oxalis_stricta",1.6520603525,"2","0.273943372303913",0,"2013_SH_3"
"332","2013_SH","3","Phytolacca_americana",2.677003174,"1",NA,0,"2013_SH_3"
"333","2013_SH","4","Achillea_millefolium",3.382216738,"2","5.83929754637299",0.951242993,"2013_SH_4"
"334","2013_SH","4","Conyza_canadensis",2.175260968,"2","0.503490482563493",1.081162096,"2013_SH_4"
"335","2013_SH","4","Eupatorium_serotinum",9.32871158489474,"19","4.28130644037648",2.45706842,"2013_SH_4"
"336","2013_SH","4","Monarda_punctata",11.9565313571739,"46","0.205570571272925",15.96133333,"2013_SH_4"
"337","2013_URWA","1","Achillea_millefolium",1.91216201766667,"3","0.0819942732369453",0.951242993,"2013_URWA_1"
"338","2013_URWA","1","Apocynum_cannabinum",7.39547492433333,"3","19.9124948071766",2.842842041,"2013_URWA_1"
"339","2013_URWA","1","Erigeron_strigosus",2.83222421733333,"3","0.0218978887800486",1.733214567,"2013_URWA_1"
"340","2013_URWA","1","Leucanthemum_vulgare",2.288128948,"6","0.0907338981882595",2.485271086,"2013_URWA_1"
"341","2013_URWA","1","Penstemon_digitalis",8.37487083233333,"3","0.385384819810066",7.287692308,"2013_URWA_1"
"342","2013_URWA","1","Solanum_carolinense",9.853144515,"1",NA,0,"2013_URWA_1"
"343","2013_URWA","2","Achillea_millefolium",2.022157213,"1",NA,0.951242993,"2013_URWA_2"
"344","2013_URWA","2","Cichorium_intybus",2.3853475045,"2","0.170126059102987",2.32250241,"2013_URWA_2"
"345","2013_URWA","2","Echinacea_purpurea",2.237155261,"2","0.0924483212876206",4.634850616,"2013_URWA_2"
"346","2013_URWA","2","Monarda_fistulosa",9.954857097,"7","0.00201161514888187",15.93033333,"2013_URWA_2"
"347","2013_URWA","2","Prunella_vulgaris",9.853144515,"1",NA,3.312163251,"2013_URWA_2"
"348","2013_URWA","2","Pycnanthemum_tenuifolium",10.1442428559,"10","0.452520653206386",3.839930784,"2013_URWA_2"
"349","2013_URWA","2","Rudbeckia_hirta",2.022157213,"1",NA,1.661596945,"2013_URWA_2"
"350","2013_URWA","2","Solidago_canadensis",2.69512150236364,"11","6.22958420756346",2.132178368,"2013_URWA_2"
"351","2013_URWA","3","Daucus_carota",1.21868001485714,"7","0.320817812913955",0,"2013_URWA_3"
"352","2013_URWA","3","Oxalis_stricta",1.746839834,"2","0",0,"2013_URWA_3"
"353","2013_URWA","3","Prunella_vulgaris",8.85240476328572,"7","7.01036035462819",3.312163251,"2013_URWA_3"
"354","2013_URWA","3","Solidago_canadensis",3.44346381014286,"7","8.00040550944161",2.132178368,"2013_URWA_3"
"357","2014_AB","2","Asclepias_tuberosa",7.46987864511111,"18","8.72419339835658",1.871388036,"2014_AB_2"
"358","2014_AB","2","Heliopsis_helianthoides",9.29368425888889,"9","3.28620412158106",4.254387608,"2014_AB_2"
"359","2014_AB","2","Monarda_fistulosa",9.88582404192754,"69","0.280175777208254",15.93033333,"2014_AB_2"
"360","2014_AB","2","Rudbeckia_hirta",2.1843399665,"2","0.143447972842044",1.661596945,"2014_AB_2"
"361","2014_AB","2","Trifolium_repens",7.12660259733333,"3","22.3020924863803",1.983493032,"2014_AB_2"
"362","2014_AB","3","Heliopsis_helianthoides",2.794332176,"1",NA,4.254387608,"2014_AB_3"
"363","2014_AB","3","Monarda_fistulosa",10.2591986305,"6","0.774892685429836",15.93033333,"2014_AB_3"
"364","2014_AB","3","Rhus_copallinum",3.55242262,"4","3.15594389773401",1.035063397,"2014_AB_3"
"365","2014_AB","3","Rudbeckia_hirta",2.25749467225,"4","0.151567939445474",1.661596945,"2014_AB_3"
"366","2014_AB","3","Trifolium_repens",6.377962761,"3","9.2606550091653",1.983493032,"2014_AB_3"
"370","2014_AL","3","Daucus_carota",2.452153309,"1",NA,0,"2014_AL_3"
"371","2014_AL","3","Echinacea_purpurea",7.110187184,"1",NA,4.634850616,"2014_AL_3"
"372","2014_AL","3","Erigeron_annuus",2.452153309,"1",NA,2.015174534,"2014_AL_3"
"373","2014_AL","3","Euthamia_graminifolia",2.452153309,"3","0",1.177447063,"2014_AL_3"
"374","2014_AL","3","Monarda_fistulosa",7.0104761178,"5","0.049711483613704",15.93033333,"2014_AL_3"
"375","2014_AL","3","Rudbeckia_hirta",3.43499451766667,"9","3.24396492793187",1.661596945,"2014_AL_3"
"376","2014_AL","3","Solidago_canadensis",2.5434176095,"12","0.739406845458388",2.132178368,"2014_AL_3"
"377","2014_AL","3","Verbena_hastata",6.80673779123529,"17","7.8145543749278",1.702699726,"2014_AL_3"
"378","2014_AL","4","Eupatorium_perfoliatum",7.38614744633333,"3","18.2582236104298",1.284859302,"2014_AL_4"
"379","2014_AL","4","Euthamia_graminifolia",8.85611001107692,"13","8.90802881513579",1.177447063,"2014_AL_4"
"380","2014_AL","4","Lythrum_salicaria",10.40289334875,"8","1.03619581786109",5.6616083,"2014_AL_4"
"381","2014_AL","4","Mentha_arvensis",8.922464739,"3","29.3845989012386",3.954628737,"2014_AL_4"
"382","2014_AL","4","Monarda_fistulosa",9.853144515,"1",NA,15.93033333,"2014_AL_4"
"383","2014_AL","4","Solidago_canadensis",7.76463373037143,"35","11.5893347286203",2.132178368,"2014_AL_4"
"384","2014_BW","1","Coreopsis_lanceolata",2.64118283766667,"12","0.0178256581587567",4.706586323,"2014_BW_1"
"385","2014_BW","1","Erigeron_annuus",1.84845304306667,"30","0.643941455180436",2.015174534,"2014_BW_1"
"386","2014_BW","1","Gaillardia_pulchella",9.971809194,"1",NA,6.023487628,"2014_BW_1"
"387","2014_BW","1","Penstemon_digitalis",8.733286243,"5","0",7.287692308,"2014_BW_1"
"388","2014_BW","2","Coreopsis_lanceolata",2.557633913,"2","0.0222523156404096",4.706586323,"2014_BW_2"
"389","2014_BW","2","Echinacea_purpurea",9.12710337647368,"19","4.40925285340337",4.634850616,"2014_BW_2"
"390","2014_BW","2","Erigeron_annuus",1.17870982575,"8","0.421059640642982",2.015174534,"2014_BW_2"
"391","2014_BW","2","Gaillardia_pulchella",3.70542928983333,"6","9.42420410480252",6.023487628,"2014_BW_2"
"392","2014_BW","2","Hypericum_perforatum",1.467052932,"2","0.616281525569054",0,"2014_BW_2"
"393","2014_BW","2","Monarda_fistulosa",9.50165901389189,"37","0.836354122341412",15.93033333,"2014_BW_2"
"394","2014_BW","2","Rudbeckia_hirta",2.91379687641667,"12","2.52831632079634",1.661596945,"2014_BW_2"
"395","2014_BW","2","Symphyotrichum_novae-angliae",4.90953851533333,"3","19.3009988657602",4.916494364,"2014_BW_2"
"396","2014_BW","3","Conyza_canadensis",1.97318361666667,"3","0.440125252092102",1.081162096,"2014_BW_3"
"397","2014_BW","3","Echinacea_purpurea",5.88546632966667,"9","10.7038544538838",4.634850616,"2014_BW_3"
"398","2014_BW","3","Gaillardia_pulchella",4.96209146175,"4","12.1795248204289",6.023487628,"2014_BW_3"
"399","2014_BW","3","Hypericum_perforatum",5.9029560535,"2","31.2079777627355",0,"2014_BW_3"
"400","2014_BW","3","Rudbeckia_hirta",2.452153309,"1",NA,1.661596945,"2014_BW_3"
"401","2014_BW","3","Symphyotrichum_novae-angliae",2.51698771293333,"15","0.0797685857093915",4.916494364,"2014_BW_3"
"406","2014_DR","2","Apocynum_cannabinum",9.853144515,"1",NA,2.842842041,"2014_DR_2"
"407","2014_DR","2","Erigeron_annuus",2.06461033928571,"7","0.357674805945966",2.015174534,"2014_DR_2"
"408","2014_DR","2","Monarda_fistulosa",9.45135136748387,"62","0.355885872475906",15.93033333,"2014_DR_2"
"409","2014_DR","2","Rudbeckia_hirta",2.74269866145714,"35","0.694197256236353",1.661596945,"2014_DR_2"
"410","2014_DR","3","Lythrum_salicaria",8.27351239032692,"52","1.16349049956194",5.6616083,"2014_DR_3"
"411","2014_DR","3","Monarda_fistulosa",9.70604551146342,"41","0.227486704005634",15.93033333,"2014_DR_3"
"412","2014_DR","3","Rudbeckia_hirta",2.452153309,"2","0",1.661596945,"2014_DR_3"
"413","2014_DR","4","Bidens_aristosa",9.6096379642,"25","3.00091306661535",2.054173919,"2014_DR_4"
"414","2014_DR","4","Lythrum_salicaria",9.84971546925926,"27","0.387946151285248",5.6616083,"2014_DR_4"
"415","2014_DR","4","Solidago_canadensis",9.853144515,"10","0",2.132178368,"2014_DR_4"
"417","2014_FH","2","Achillea_millefolium",2.452153309,"1",NA,0.951242993,"2014_FH_2"
"418","2014_FH","2","Echinacea_purpurea",3.762459101,"6","9.27218067890881",4.634850616,"2014_FH_2"
"419","2014_FH","2","Leucanthemum_vulgare",0.843481349,"1",NA,2.485271086,"2014_FH_2"
"420","2014_FH","2","Monarda_fistulosa",9.71881722862222,"45","0.40192297362605",15.93033333,"2014_FH_2"
"421","2014_FH","2","Plantago_lanceolata",1.4617796255,"8","0.0370481717089789",1.198793259,"2014_FH_2"
"422","2014_FH","2","Rudbeckia_hirta",2.452153309,"2","0",1.661596945,"2014_FH_2"
"423","2014_FH","3","Daucus_carota",1.80159566721875,"32","0.0675623578128764",0,"2014_FH_3"
"424","2014_FH","3","Echinacea_purpurea",6.2119812515,"2","28.2726123144076",4.634850616,"2014_FH_3"
"425","2014_FH","3","Plantago_lanceolata",2.22124446,"1",NA,1.198793259,"2014_FH_3"
"426","2014_FH","3","Prunella_vulgaris",8.755592263,"2","2.40924189174054",3.312163251,"2014_FH_3"
"427","2014_FH","3","Rudbeckia_hirta",2.452153309,"1",NA,1.661596945,"2014_FH_3"
"428","2014_FH","3","Rudbeckia_laciniata",3.956084486,"10","10.052484378456",1.031430002,"2014_FH_3"
"429","2014_FH","4","Daucus_carota",2.26169775183333,"12","6.00627115985789",0,"2014_FH_4"
"430","2014_FH","4","Prunella_vulgaris",9.853144515,"1",NA,3.312163251,"2014_FH_4"
"431","2014_FH","4","Solidago_canadensis",1.735923804,"1",NA,2.132178368,"2014_FH_4"
"432","2014_MA","1","Asclepias_tuberosa",7.2484709996,"5","6.07921515883258",1.871388036,"2014_MA_1"
"433","2014_MA","1","Erigeron_strigosus",1.262374791,"1",NA,1.733214567,"2014_MA_1"
"434","2014_MA","1","Heliopsis_helianthoides",5.05547663514286,"7","0.723841595399193",4.254387608,"2014_MA_1"
"435","2014_MA","1","Penstemon_digitalis",6.253775088,"3","4.61689454814838",7.287692308,"2014_MA_1"
"436","2014_MA","2","Helianthus_decapetalus",5.828412019375,"32","10.2070628833745",2.149096363,"2014_MA_2"
"437","2014_MA","2","Monarda_fistulosa",9.61928528573684,"19","0.29850302637588",15.93033333,"2014_MA_2"
"438","2014_MA","2","Solanum_carolinense",9.853144515,"1",NA,0,"2014_MA_2"
"443","2014_ME","1","Apocynum_cannabinum",6.64242732171429,"7","16.9388415016831",2.842842041,"2014_ME_1"
"444","2014_ME","1","Asclepias_syriaca",9.971809194,"4","0",2.218170608,"2014_ME_1"
"445","2014_ME","1","Cirsium_arvense",1.3011906725,"2","0.00299832757497668",9.401666667,"2014_ME_1"
"446","2014_ME","2","Apocynum_cannabinum",6.04797545,"2","28.9586232264659",2.842842041,"2014_ME_2"
"447","2014_ME","2","Cirsium_arvense",1.91592932233333,"3","0.86260849163008",9.401666667,"2014_ME_2"
"448","2014_ME","2","Lythrum_salicaria",9.16839444433333,"3","1.93642577994586",5.6616083,"2014_ME_2"
"449","2014_ME","3","Bidens_aristosa",4.8945080545,"6","22.5379104784137",2.054173919,"2014_ME_3"
"450","2014_ME","3","Centaurea_maculosa",8.8299466532,"5","5.23466932196046",2.747045611,"2014_ME_3"
"451","2014_ME","3","Daucus_carota",1.145514307,"3","0",0,"2014_ME_3"
"452","2014_ME","3","Lythrum_salicaria",11.86889023875,"12","0.402965040279313",5.6616083,"2014_ME_3"
"456","2014_RO","2","Achillea_millefolium",2.452153309,"1",NA,0.951242993,"2014_RO_2"
"457","2014_RO","2","Asclepias_syriaca",9.41654315366667,"6","0.739968901313901",2.218170608,"2014_RO_2"
"458","2014_RO","2","Centaurea_maculosa",5.91152555555556,"18","1.17382347051266",2.747045611,"2014_RO_2"
"459","2014_RO","2","Coreopsis_lanceolata",5.070879382,"2","0.00795840544074021",4.706586323,"2014_RO_2"
"460","2014_RO","2","Erigeron_annuus",1.639626536,"5","0.277952239106919",2.015174534,"2014_RO_2"
"461","2014_RO","2","Leucanthemum_vulgare",2.452153309,"3","0",2.485271086,"2014_RO_2"
"462","2014_RO","2","Plantago_lanceolata",1.729094893,"5","0.191493108633598",1.198793259,"2014_RO_2"
"463","2014_RO","3","Achillea_millefolium",2.022157213,"3","0",0.951242993,"2014_RO_3"
"464","2014_RO","3","Centaurea_maculosa",7.52191804674286,"35","12.6355386956708",2.747045611,"2014_RO_3"
"465","2014_RO","3","Monarda_fistulosa",7.8581643894,"10","2.21663003833084",15.93033333,"2014_RO_3"
"466","2014_RO","3","Rudbeckia_hirta",5.5834185485,"2","36.4611196580087",1.661596945,"2014_RO_3"
"467","2014_RO","3","Rudbeckia_laciniata",4.36342795757143,"21","10.5651822157324",1.031430002,"2014_RO_3"
"468","2014_RO","3","Trifolium_pratense",6.611631853,"1",NA,9.813170694,"2014_RO_3"
"469","2014_RO","3","Trifolium_repens",4.737155206,"1",NA,1.983493032,"2014_RO_3"
"470","2014_RO","4","Centaurea_maculosa",9.853144515,"1",NA,2.747045611,"2014_RO_4"
"471","2014_RO","4","Daucus_carota",1.746839834,"1",NA,0,"2014_RO_4"
"472","2014_RO","4","Euthamia_graminifolia",5.38283818358824,"34","14.7208147983606",1.177447063,"2014_RO_4"
"473","2014_RO","4","Monarda_fistulosa",10.2196437375,"6","0.805930080558627",15.93033333,"2014_RO_4"
"474","2014_RO","4","Rudbeckia_laciniata",9.853144515,"1",NA,1.031430002,"2014_RO_4"
"475","2014_RO","4","Solidago_canadensis",5.77107450234286,"35","14.6534667999745",2.132178368,"2014_RO_4"
"476","2014_RO","4","Solidago_gigantea",6.56248184345455,"11","15.1375839214522",2.132178368,"2014_RO_4"
"477","2014_RO","4","Symphyotrichum_lanceolatum",2.53884384033333,"6","0.0107130186553561",1.865123836,"2014_RO_4"
"478","2014_SH","1","Apocynum_cannabinum",9.86393221309091,"11","0.00128011873110664",2.842842041,"2014_SH_1"
"479","2014_SH","1","Cirsium_arvense",2.46324398582353,"17","3.86971074667151",9.401666667,"2014_SH_1"
"480","2014_SH","1","Plantago_lanceolata",1.10760619233333,"3","0.209285798597574",1.198793259,"2014_SH_1"
"481","2014_SH","2","Achillea_millefolium",1.2529121696,"10","0.431538684518704",0.951242993,"2014_SH_2"
"482","2014_SH","2","Cirsium_arvense",2.452153309,"2","0",9.401666667,"2014_SH_2"
"483","2014_SH","2","Erigeron_strigosus",2.452153309,"1",NA,1.733214567,"2014_SH_2"
"484","2014_SH","2","Monarda_fistulosa",9.86779164407386,"176","0.233280311551096",15.93033333,"2014_SH_2"
"485","2014_SH","2","Plantago_lanceolata",1.339909709,"1",NA,1.198793259,"2014_SH_2"
"486","2014_SH","2","Pycnanthemum_tenuifolium",5.090914714,"1",NA,3.839930784,"2014_SH_2"
"487","2014_SH","2","Trifolium_repens",2.452153309,"1",NA,1.983493032,"2014_SH_2"
"488","2014_SH","3","Achillea_millefolium",1.642995434,"2","0",0.951242993,"2014_SH_3"
"489","2014_SH","3","Cirsium_arvense",3.84057971233333,"3","4.69001284917835",9.401666667,"2014_SH_3"
"490","2014_SH","3","Conyza_canadensis",1.91595756644828,"29","0.301512666640389",1.081162096,"2014_SH_3"
"491","2014_SH","3","Euthamia_graminifolia",2.38433148991667,"12","0.989421673104932",1.177447063,"2014_SH_3"
"492","2014_SH","3","Plantago_lanceolata",1.642995434,"1",NA,1.198793259,"2014_SH_3"
"493","2014_SH","4","Cirsium_arvense",2.452153309,"1",NA,9.401666667,"2014_SH_4"
"494","2014_SH","4","Conyza_canadensis",1.6210060325,"14","0.15584608643165",1.081162096,"2014_SH_4"
"495","2014_SH","4","Coreopsis_lanceolata",1.635855879,"1",NA,4.706586323,"2014_SH_4"
"496","2014_SH","4","Phytolacca_americana",1.281963492,"1",NA,0,"2014_SH_4"
"497","2014_SH","4","Rhus_copallinum",9.853144515,"1",NA,1.035063397,"2014_SH_4"
"498","2014_UR","1","Apocynum_cannabinum",9.971809194,"1",NA,2.842842041,"2014_UR_1"
"499","2014_UR","1","Erigeron_annuus",2.847966253,"1",NA,2.015174534,"2014_UR_1"
"500","2014_UR","1","Leucanthemum_vulgare",2.847966253,"1",NA,2.485271086,"2014_UR_1"
"501","2014_UR","1","Trifolium_pratense",2.093691835,"1",NA,9.813170694,"2014_UR_1"
"502","2014_UR","1","Trifolium_repens",2.093691835,"1",NA,1.983493032,"2014_UR_1"
"503","2014_UR","2","Apocynum_cannabinum",9.51941331733333,"3","0.467017159260458",2.842842041,"2014_UR_2"
"504","2014_UR","2","Monarda_fistulosa",8.67987684675,"8","0.0228205088623161",15.93033333,"2014_UR_2"
"505","2014_UR","2","Pycnanthemum_tenuifolium",9.60284611675,"4","0.339188900914312",3.839930784,"2014_UR_2"
"506","2014_UR","2","Rudbeckia_hirta",2.452153309,"1",NA,1.661596945,"2014_UR_2"
"511","2015_AB","2","Asclepias_tuberosa",9.932254301,"3","0.00469376868072436",1.871388036,"2015_AB_2"
"512","2015_AB","2","Heliopsis_helianthoides",4.72839796533333,"3","20.6561839884062",4.254387608,"2015_AB_2"
"513","2015_AB","2","Monarda_fistulosa",9.26948023773529,"34","1.53942027460527",15.93033333,"2015_AB_2"
"514","2015_AB","2","Rudbeckia_hirta",1.8183838935,"2","0.45787509046588",1.661596945,"2015_AB_2"
"515","2015_AB","2","Trifolium_repens",1.900088895,"1",NA,1.983493032,"2015_AB_2"
"520","2015_AL","3","Euthamia_graminifolia",6.152648912,"2","27.3873354156447",1.177447063,"2015_AL_3"
"521","2015_AL","3","Lythrum_salicaria",8.9738343415,"26","1.83877755857795",5.6616083,"2015_AL_3"
"522","2015_AL","3","Solidago_canadensis",5.94987148018182,"22","16.217258368751",2.132178368,"2015_AL_3"
"523","2015_AL","3","Verbena_hastata",3.01323971933333,"3","2.53670493474573",1.702699726,"2015_AL_3"
"524","2015_AL","3","Vernonia_noveboracensis",5.000618024625,"8","1.29778586285421",2.935896693,"2015_AL_3"
"525","2015_AL","4","Euthamia_graminifolia",9.853144515,"4","0",1.177447063,"2015_AL_4"
"526","2015_AL","4","Eutrochium_maculatum",6.0750012965,"2","28.5487323589951",2.249866302,"2015_AL_4"
"527","2015_AL","4","Solidago_canadensis",9.34843313571429,"14","3.56627006932683",2.132178368,"2015_AL_4"
"528","2015_AL","4","Symphyotrichum_lanceolatum",8.79961953309091,"11","5.81745771736332",1.865123836,"2015_AL_4"
"529","2015_AL","4","Symphyotrichum_novae-angliae",7.19520410381818,"11","13.6238422520448",4.916494364,"2015_AL_4"
"531","2015_DR","2","Monarda_fistulosa",9.92941114671795,"78","0.504761397903625",15.93033333,"2015_DR_2"
"532","2015_DR","2","Rudbeckia_hirta",2.087612859,"6","0.105088279144134",1.661596945,"2015_DR_2"
"533","2015_DR","2","Verbena_hastata",2.022157213,"1",NA,1.702699726,"2015_DR_2"
"538","2015_FH","1","Apocynum_cannabinum",9.971809194,"1",NA,2.842842041,"2015_FH_1"
"539","2015_FH","1","Coreopsis_lanceolata",4.72523616975,"4","12.3595484902906",4.706586323,"2015_FH_1"
"540","2015_FH","1","Leucanthemum_vulgare",2.0802192659375,"16","0.110572569415147",2.485271086,"2015_FH_1"
"541","2015_FH","1","Plantago_lanceolata",1.735923804,"1",NA,1.198793259,"2015_FH_1"
"542","2015_FH","1","Potentilla_recta",1.735923804,"6","0",0,"2015_FH_1"
"543","2015_FH","1","Solanum_carolinense",9.971809194,"1",NA,0,"2015_FH_1"
"544","2015_FH","2","Achillea_millefolium",2.348623155,"3","0.00803886959044776",0.951242993,"2015_FH_2"
"545","2015_FH","2","Daucus_carota",1.292431584,"4","0.2687616112939",0,"2015_FH_2"
"546","2015_FH","2","Echinacea_purpurea",9.971809194,"1",NA,4.634850616,"2015_FH_2"
"547","2015_FH","2","Leucanthemum_vulgare",2.0994965715,"2","0.248733549008288",2.485271086,"2015_FH_2"
"548","2015_FH","2","Monarda_fistulosa",9.61334219148276,"87","0.489939486699093",15.93033333,"2015_FH_2"
"549","2015_FH","2","Prunella_vulgaris",1.8844985235,"2","0.0378998295897148",3.312163251,"2015_FH_2"
"550","2015_FH","2","Rudbeckia_hirta",2.27165353866667,"3","0.00190580640901665",1.661596945,"2015_FH_2"
"551","2015_FH","2","Rudbeckia_laciniata",2.296858078,"1",NA,1.031430002,"2015_FH_2"
"552","2015_FH","3","Daucus_carota",1.49465486615625,"32","0.158825614952696",0,"2015_FH_3"
"553","2015_FH","3","Echinacea_purpurea",4.36599152,"4","13.5142111454576",4.634850616,"2015_FH_3"
"554","2015_FH","3","Erigeron_annuus",1.735923804,"1",NA,2.015174534,"2015_FH_3"
"555","2015_FH","3","Monarda_fistulosa",9.88390943177778,"27","0.00280823767222825",15.93033333,"2015_FH_3"
"556","2015_FH","3","Plantago_lanceolata",1.339909709,"1",NA,1.198793259,"2015_FH_3"
"557","2015_FH","3","Rudbeckia_hirta",2.663114517,"1",NA,1.661596945,"2015_FH_3"
"558","2015_FH","3","Rudbeckia_laciniata",3.02768251027536,"69","6.40158427938917",1.031430002,"2015_FH_3"
"559","2015_ME","1","Asclepias_syriaca",9.971809194,"2","0",2.218170608,"2015_ME_1"
"560","2015_ME","1","Erigeron_strigosus",1.8407516285,"14","0.13265967450625",1.733214567,"2015_ME_1"
"561","2015_ME","1","Leucanthemum_vulgare",2.452153309,"1",NA,2.485271086,"2015_ME_1"
"562","2015_ME","1","Trifolium_pratense",4.950423198,"2","14.6623776120806",9.813170694,"2015_ME_1"
"563","2015_ME","2","Daucus_carota",1.746839834,"1",NA,0,"2015_ME_2"
"564","2015_ME","2","Erigeron_strigosus",1.53404309863636,"11","0.497319604104534",1.733214567,"2015_ME_2"
"565","2015_ME","2","Lythrum_salicaria",8.80243442414,"50","1.75096414845129",5.6616083,"2015_ME_2"
"566","2015_ME","3","Centaurea_nigrescens",1.949474501,"5","0.353477607581133",1.629464108,"2015_ME_3"
"567","2015_ME","3","Daucus_carota",1.62735564418182,"33","0.186432946271295",0,"2015_ME_3"
"568","2015_ME","3","Erigeron_strigosus",2.3745056935,"2","0.0120583043856716",1.733214567,"2015_ME_3"
"569","2015_ME","3","Lythrum_salicaria",9.89312624836364,"55","0.0879196451518502",5.6616083,"2015_ME_3"
"570","2015_ME","3","Trifolium_pratense",9.853144515,"2","0",9.813170694,"2015_ME_3"
"572","2015_RO","1","Achillea_millefolium",2.296858078,"1",NA,0.951242993,"2015_RO_1"
"573","2015_RO","1","Coreopsis_lanceolata",2.7312158478,"5","0.292351724592664",4.706586323,"2015_RO_1"
"574","2015_RO","1","Erigeron_strigosus",2.41894355766667,"3","0.0447145930363202",1.733214567,"2015_RO_1"
"575","2015_RO","1","Leucanthemum_vulgare",2.296858078,"6","0",2.485271086,"2015_RO_1"
"576","2015_RO","1","Oxalis_stricta",2.022157213,"1",NA,0,"2015_RO_1"
"577","2015_RO","1","Plantago_lanceolata",2.022157213,"1",NA,1.198793259,"2015_RO_1"
"578","2015_RO","1","Potentilla_recta",2.44946208233333,"3","0.136942088516983",0,"2015_RO_1"
"579","2015_RO","1","Trifolium_pratense",2.242806385,"1",NA,9.813170694,"2015_RO_1"
"580","2015_RO","1","Trifolium_repens",2.985554184,"4","0.32318738940331",1.983493032,"2015_RO_1"
"581","2015_RO","2","Centaurea_maculosa",7.73622370070909,"55","10.3614417727707",2.747045611,"2015_RO_2"
"582","2015_RO","2","Coreopsis_lanceolata",1.685492801,"1",NA,4.706586323,"2015_RO_2"
"583","2015_RO","2","Erigeron_annuus",1.34067709666667,"3","0.210229394833135",2.015174534,"2015_RO_2"
"584","2015_RO","2","Monarda_fistulosa",7.45167618825,"4","2.82269794074246",15.93033333,"2015_RO_2"
"585","2015_RO","2","Plantago_lanceolata",1.339909709,"1",NA,1.198793259,"2015_RO_2"
"586","2015_RO","2","Potentilla_recta",2.14023227016667,"6","0.433044890552525",0,"2015_RO_2"
"587","2015_RO","2","Trifolium_repens",2.23242781828571,"7","0.375614584823361",1.983493032,"2015_RO_2"
"588","2015_RO","3","Achillea_millefolium",1.746839834,"1",NA,0.951242993,"2015_RO_3"
"589","2015_RO","3","Centaurea_maculosa",6.96776763563636,"66","14.1353736543466",2.747045611,"2015_RO_3"
"590","2015_RO","3","Daucus_carota",4.85012896992593,"27","15.0958740320856",0,"2015_RO_3"
"591","2015_RO","3","Erigeron_annuus",2.5645782415,"2","0.0252787308952592",2.015174534,"2015_RO_3"
"592","2015_RO","3","Euthamia_graminifolia",2.847966253,"1",NA,1.177447063,"2015_RO_3"
"593","2015_RO","3","Monarda_fistulosa",10.1315802031563,"32","1.68977503939437",15.93033333,"2015_RO_3"
"594","2015_RO","3","Plantago_lanceolata",2.22124446,"1",NA,1.198793259,"2015_RO_3"
"595","2015_RO","3","Rudbeckia_laciniata",5.1749647465,"8","15.7780914195508",1.031430002,"2015_RO_3"
"596","2015_RO","3","Solidago_canadensis",2.020884613,"11","0.0762413212685861",2.132178368,"2015_RO_3"
"597","2015_RO","3","Trifolium_pratense",9.853144515,"1",NA,9.813170694,"2015_RO_3"
"600","2015_SH","1","Apocynum_cannabinum",12.05213985,"1",NA,2.842842041,"2015_SH_1"
"601","2015_SH","1","Cirsium_arvense",2.3470087105,"4","0.330829625895588",9.401666667,"2015_SH_1"
"602","2015_SH","1","Plantago_lanceolata",0.843481349,"2","0",1.198793259,"2015_SH_1"
"604","2015_SH","3","Achillea_millefolium",2.022157213,"1",NA,0.951242993,"2015_SH_3"
"605","2015_SH","3","Monarda_fistulosa",8.23648230675,"4","1.33838195805012",15.93033333,"2015_SH_3"
"606","2015_SH","3","Phytolacca_americana",5.190874791,"3","36.1481692280785",0,"2015_SH_3"
"607","2015_SH","3","Plantago_lanceolata",2.022157213,"2","0",1.198793259,"2015_SH_3"
"608","2015_SH","4","Conyza_canadensis",2.06582923233333,"3","1.12060076091711",1.081162096,"2015_SH_4"
"609","2015_SH","4","Euthamia_graminifolia",1.5701697135,"2","1.05615195819937",1.177447063,"2015_SH_4"
"610","2015_SH","4","Monarda_fistulosa",9.822463729,"1",NA,15.93033333,"2015_SH_4"
"611","2015_SH","4","Plantago_lanceolata",1.339909709,"1",NA,1.198793259,"2015_SH_4"
"612","2015_SH","4","Solidago_canadensis",0.843481349,"3","0",2.132178368,"2015_SH_4"
"613","2015_URWA","1","Achillea_millefolium",1.746839834,"1",NA,0.951242993,"2015_URWA_1"
"614","2015_URWA","1","Apocynum_cannabinum",9.72241332942424,"33","1.70479383136161",2.842842041,"2015_URWA_1"
"615","2015_URWA","1","Leucanthemum_vulgare",2.093691835,"1",NA,2.485271086,"2015_URWA_1"
"616","2015_URWA","1","Penstemon_digitalis",8.86721295316667,"24","0.28192561307236",7.287692308,"2015_URWA_1"
"617","2015_URWA","2","Achillea_millefolium",2.138484134,"5","0.177124641908717",0.951242993,"2015_URWA_2"
"618","2015_URWA","2","Asclepias_tuberosa",7.57931685466667,"3","17.1720587813061",1.871388036,"2015_URWA_2"
"619","2015_URWA","2","Erigeron_annuus",2.0769742734,"5","0.560533277846763",2.015174534,"2015_URWA_2"
"620","2015_URWA","2","Erigeron_strigosus",1.7602422615,"2","1.68090114137567",1.733214567,"2015_URWA_2"
"621","2015_URWA","2","Monarda_fistulosa",9.6447615546,"5","2.09869803664227",15.93033333,"2015_URWA_2"
"622","2015_URWA","2","Pycnanthemum_tenuifolium",9.853144515,"1",NA,3.839930784,"2015_URWA_2"
"623","2015_URWA","2","Trifolium_campestre",2.677003174,"1",NA,3.099668566,"2015_URWA_2"
"624","2015_URWA","3","Erigeron_strigosus",2.847966253,"1",NA,1.733214567,"2015_URWA_3"
"625","2015_URWA","3","Monarda_fistulosa",7.658040011,"2","0",15.93033333,"2015_URWA_3"
"626","2015_URWA","3","Plantago_lanceolata",1.339909709,"3","0",1.198793259,"2015_URWA_3"
"627","2015_URWA","3","Prunella_vulgaris",9.853144515,"1",NA,3.312163251,"2015_URWA_3"
"628","2015_URWA","3","Pycnanthemum_tenuifolium",9.853144515,"1",NA,3.839930784,"2015_URWA_3"
